"","Df","SumsOfSqs","MeanSqs","F.Model","R2","Pr(>F)"
"T1_empty",1,0.174290923686126,0.174290923686126,1.71092399395033,0.0224314001728072,0.005
"T2_alien_native",1,0.248798601298,0.248798601298,2.44232738928283,0.0320206059507755,0.001
"family",4,1.13680071898596,0.28420017974649,2.78984640352773,0.14630728499799,0.001
"species",4,0.686100324066951,0.171525081016738,1.68377314474678,0.0883017348370593,0.001
"trans_date_c",1,0.12488036090414,0.12488036090414,1.22588601474648,0.0160722158671325,0.105
"Residuals",53,5.39908200950327,0.10186947187742,NA,0.694866758174236,NA
"Total",64,7.76995293844444,NA,NA,1,NA
"T1_empty1",1,0.876163152427798,0.876163152427798,8.08682072395116,0.123619056172576,0.001
"T2_alien_native1",1,0.249024887562754,0.249024887562754,2.29845276640761,0.0351352615990392,0.006
"family1",4,1.17244617066972,0.29311154266743,2.70536428187398,0.16542203199225,0.001
"species1",4,0.67287785320594,0.168219463301485,1.55263393379293,0.0949372555810629,0.003
"Residuals1",38,4.11709384055556,0.108344574751462,NA,0.580886394655071,NA
"Total1",48,7.08760590442177,NA,NA,1,NA
"T1_empty2",1,0.355235389777813,0.355235389777813,1.49335703299482,0.0226345769962051,0.1
"T2_alien_native2",1,0.434293143048871,0.434293143048871,1.8257041336988,0.0276719095792002,0.027
"family2",4,1.29461337848618,0.323653344621544,1.36059078670395,0.082489039771602,0.034
"species2",4,1.44324917847953,0.360812294619883,1.51680151602749,0.0919596853101741,0.01
"trans_date_c1",1,0.273123992982456,0.273123992982456,1.14817286660287,0.0174026750334166,0.24
"Residuals2",50,11.8938533093259,0.237877066186519,NA,0.757842113309402,NA
"Total2",61,15.6943683921008,NA,NA,1,NA
"T1_empty3",1,0.332378188618653,0.332378188618653,1.19765885938104,0.0244941193739699,0.246
"T2_alien_native3",1,0.41585450992545,0.41585450992545,1.49844922164013,0.0306457834993632,0.108
"family3",4,1.50077902925851,0.375194757314627,1.35193986993756,0.110597692494151,0.072
"species3",4,1.32986474082865,0.332466185207163,1.19797593762936,0.0980024166100248,0.193
"Residuals3",36,9.9908372877193,0.277523257992203,NA,0.736259988022491,NA
"Total3",46,13.5697137563506,NA,NA,1,NA
